Category,Population,Unique_Individuals,Annual_Risk_Pct
Ultra-Policed,171750,3269,0.1815611952452041
Highly Policed,393800,7137,0.17288003556297857
Normally Policed,1998450,35287,0.168432660540438
