Category,Population,Annual_Risk_Pct
Ultra-Policed,27502,1.959697453756254
Highly Policed,63887,0.8742170304014715
Normally Policed,322353,0.3685969535528069
