Category,Est_Young_Male_Pop,Unique_Young_Men,Annual_Risk_Pct
Ultra-Policed,34350.0,1423,0.39516913556733774
Highly Policed,78760.0,3184,0.38563124088028844
Normally Policed,399690.0,15280,0.3646741084617413
