Category,Drug_Per_1000_Annual,Young_Men_Drug_Risk_Pct
Ultra-Policed,0.8975310232984086,0.20133353709509477
Highly Policed,0.8342424582862522,0.19087777500858502
Normally Policed,0.633740593985149,0.14959275601035305
